Procesos,Individuos,Posiciones,Repeticiones,Tiempo Promedio,Tiempo Promedio std,Tiempo Promedio Calcular Frecuencias,Tiempo Promedio Calcular Frecuencias std,Tiempo Promedio Calcular Hoplotipo,Tiempo Promedio Calcular Hoplotipo std,speed_up_total,speed_up_frecuencias,speed_up_haplo,eficiencia_total,eficiencia_frecuencias,eficiencia_haplo
1,500,4,10,0.1123276519589126,0.0101735067844859,0.0217393159866333,0.0066850836134219,0.054202389717102,0.0054379746309547,1.0,1.0,1.0,100.0,100.0,100.0
1,500,6,10,0.2555218010675162,0.0120517959543614,0.0641165494918823,0.0074052175572015,0.1551153421401977,0.0068216694424016,1.0,1.0,1.0,100.0,100.0,100.0
1,500,8,10,0.8292243547737599,0.0059452351525797,0.2114830255508422,0.0034109716535467,0.5809783697128296,0.0058509804366215,1.0,1.0,1.0,100.0,100.0,100.0
1,500,10,10,3.2573911988642066,0.0088730585593477,0.8475122213363647,0.001591258722048,2.373797631263733,0.0083413378152248,1.0,1.0,1.0,100.0,100.0,100.0
1,500,12,10,13.253765233955344,0.0475090116974563,3.4998334646224976,0.0201085477503355,9.71606080532074,0.0324646231038125,1.0,1.0,1.0,100.0,100.0,100.0
1,1000,4,10,0.1650181798497215,0.0038461673068247,0.0334289789199829,0.0030268635235874,0.0810265064239501,0.0018556861428782,1.0,1.0,1.0,100.0,100.0,100.0
1,1000,6,10,0.4480677882907912,0.0049282156755321,0.1098950862884521,0.0041880207088083,0.2877978086471557,0.0020396007586241,1.0,1.0,1.0,100.0,100.0,100.0
1,1000,8,10,1.6206445530988276,0.0046456236004248,0.4163884162902832,0.0034200257206369,1.1528398752212523,0.0036708903222955,1.0,1.0,1.0,100.0,100.0,100.0
1,1000,10,10,6.516782936290838,0.0885102756816055,1.6933000087738037,0.0030971083038518,4.771830654144287,0.0893675821468358,1.0,1.0,1.0,100.0,100.0,100.0
1,1000,12,10,26.63994115772657,0.0428216369485028,7.003663992881775,0.0109447694019891,19.58471119403839,0.0415367724249485,1.0,1.0,1.0,100.0,100.0,100.0
1,1500,4,10,0.2434720691526308,0.0065675973321044,0.0462519884109497,0.0033050559410372,0.1276045083999633,0.006053445523674,1.0,1.0,1.0,100.0,100.0,100.0
1,1500,6,10,0.6802505979081616,0.0124840782078932,0.1619698047637939,0.0092762453892588,0.4472844123840332,0.0058977359313294,1.0,1.0,1.0,100.0,100.0,100.0
1,1500,8,10,2.4889615326654164,0.0094759537111828,0.6227202653884888,0.0092254827047462,1.7941468715667723,0.0044723787315221,1.0,1.0,1.0,100.0,100.0,100.0
1,1500,10,10,10.099835498048924,0.0468369936492648,2.5409548759460447,0.0125037716101141,7.487772297859192,0.0425750621066161,1.0,1.0,1.0,100.0,100.0,100.0
1,1500,12,10,41.06194148710929,0.0565265948225578,10.493842911720275,0.0155505322631697,30.490629506111144,0.0442667514969654,1.0,1.0,1.0,100.0,100.0,100.0
1,3000,4,10,0.4543288938002661,0.0114249380393963,0.0854041337966919,0.0054081937132928,0.2465346574783325,0.0089805814162852,1.0,1.0,1.0,100.0,100.0,100.0
1,3000,6,10,1.3295036934316158,0.0089673583555739,0.3125473022460937,0.0065394332744708,0.8948332786560058,0.0052199732026549,1.0,1.0,1.0,100.0,100.0,100.0
1,3000,8,10,4.994516496011056,0.0991428981916886,1.2342002153396607,0.0070834263038255,3.640061640739441,0.099392059481019,1.0,1.0,1.0,100.0,100.0,100.0
1,3000,10,10,19.805664539290596,0.1185012134456925,5.060703229904175,0.0049509516534239,14.620431566238404,0.1171918101579217,1.0,1.0,1.0,100.0,100.0,100.0
1,3000,12,10,81.65988420473877,0.0913841551609133,20.950727438926695,0.0382099292398303,60.58600535392761,0.0731408501073336,1.0,1.0,1.0,100.0,100.0,100.0
2,500,4,10,0.0918694288004189,0.0052201097392828,0.0225011587142944,0.0045352426251538,0.0330071687698364,0.0041359833873533,1.2226880413389531,0.96614206684489,1.6421399270886528,61.13440206694766,48.3071033422445,82.10699635443264
2,500,6,10,0.1574188372585922,0.0059519315285763,0.0378624200820922,0.0044931636850268,0.083162236213684,0.0039787964227859,1.6231971059967245,1.6934086451121362,1.8652136979774254,81.15985529983622,84.67043225560681,93.26068489887128
2,500,8,10,0.463499970221892,0.0088175925739379,0.1183927774429321,0.0056710163478707,0.3093525409698486,0.0061556214224839,1.7890494240523558,1.7862831679304223,1.8780462183740565,89.45247120261779,89.31415839652111,93.90231091870282
2,500,10,10,1.7148100555874408,0.0182772399059966,0.4424991369247436,0.0056432880969421,1.234971213340759,0.0158163684921162,1.8995638544633593,1.9152855918010576,1.9221481485728718,94.97819272316796,95.76427959005288,96.10740742864358
2,500,12,10,6.907891544932499,0.0242565607174491,1.829037570953369,0.0134562378442504,5.042472195625305,0.0196104477810779,1.918641187075101,1.913483637626012,1.9268446960897667,95.93205935375505,95.6741818813006,96.34223480448834
2,1000,4,10,0.1274065673351287,0.0059435693929693,0.0270247220993041,0.004277862406354,0.0529441356658935,0.0032347785962098,1.295209370296114,1.2369777123755774,1.5304151329482785,64.76046851480571,61.84888561877887,76.52075664741392
2,1000,6,10,0.2837700036820024,0.0094927565139748,0.0724703311920166,0.0047366696589181,0.1629132270812988,0.0052761674833233,1.5789822126263344,1.5164148484056914,1.7665711606310248,78.94911063131673,75.82074242028457,88.32855803155124
2,1000,8,10,0.87650826650206,0.0098382005231963,0.2268205404281616,0.0069193286434231,0.6009761333465576,0.0067636535772179,1.848978058776835,1.8357615033642043,1.918278965258772,92.44890293884175,91.78807516821021,95.9139482629386
2,1000,10,10,3.389159738412127,0.0196790940845939,0.8837153196334839,0.0101252097928512,2.4567226648330687,0.0162672807442513,1.9228314506486055,1.9161148066054694,1.9423562628582363,96.14157253243027,95.80574033027347,97.11781314291181
2,1000,12,10,13.810384472366422,0.071742718320846,3.655355930328369,0.0517787717091433,10.107099843025209,0.0557130881074646,1.9289789658666754,1.916000555451414,1.9377181880273568,96.44894829333377,95.8000277725707,96.88590940136784
2,1500,4,10,0.1893773472867906,0.0114552706352049,0.0441452026367187,0.012128795824263,0.0780385732650756,0.0040474784245309,1.2856451557742008,1.0477240027997659,1.6351466084153772,64.28225778871004,52.38620013998829,81.75733042076885
2,1500,6,10,0.4118610380683094,0.0174680353917827,0.0984917402267456,0.0114754843380493,0.2450328826904297,0.0089677299916142,1.651650763322114,1.644501400735843,1.8254056658555684,82.5825381661057,82.22507003679215,91.27028329277842
2,1500,8,10,1.3277225524187088,0.0104489427249349,0.332271146774292,0.0079098327934756,0.9252071142196656,0.0088698575964545,1.8746096676081019,1.874132832278379,1.9391840421374023,93.73048338040509,93.70664161391895,96.95920210687011
2,1500,10,10,5.252732572797686,0.0680189785066695,1.3183407545089725,0.0180009908237839,3.862670207023621,0.0603953176377137,1.9227774035847396,1.9273885505363486,1.9384964018527722,96.13887017923697,96.36942752681743,96.92482009263861
2,1500,12,10,21.21330338595435,0.1874582177885225,5.397545313835144,0.0344416374653823,15.746648526191713,0.1691222541276733,1.9356693646448775,1.9441880153969535,1.9363250189648595,96.78346823224388,97.20940076984768,96.81625094824298
2,3000,4,10,0.3165434773778542,0.0116824115048899,0.0593460798263549,0.005396527167236,0.1361940145492553,0.0086107996481871,1.4352811738968136,1.439086356614998,1.810172482941032,71.76405869484068,71.9543178307499,90.50862414705159
2,3000,6,10,0.8026162825757638,0.0842038434875544,0.1785533666610717,0.0093521780640076,0.5003358364105225,0.0788767287841523,1.6564623996475127,1.7504419440007983,1.7884652937827956,82.82311998237563,87.52209720003992,89.42326468913978
2,3000,8,10,2.6346411908743903,0.0223055421826948,0.6505605220794678,0.0051228168024259,1.8623975753784177,0.0209750663950175,1.8957103203694563,1.897133584734949,1.9545029959566085,94.78551601847282,94.85667923674745,97.72514979783043
2,3000,10,10,10.274903063522652,0.0507361466335003,2.6184476613998413,0.0243697754749813,7.539942383766174,0.0388785926843993,1.9275767777900976,1.9327112412851077,1.939064096526365,96.37883888950488,96.63556206425538,96.95320482631826
2,3000,12,10,42.2624834646238,0.1116546396547384,10.847843408584597,0.0377878454548724,31.29557235240936,0.0964179532615422,1.9322074215797784,1.9313264996383555,1.9359289765238392,96.61037107898892,96.56632498191777,96.79644882619196
3,500,4,10,0.0858534945873543,0.0037404786368973,0.0185829162597656,0.0044201784114416,0.0285173892974853,0.003835868673923,1.3083643537028227,1.1698549185039224,1.900678535179994,43.61214512342742,38.995163950130745,63.35595117266647
3,500,6,10,0.1371882930630818,0.0069425069063387,0.0378969192504882,0.0053797089993424,0.0633671283721923,0.0032213649908968,1.8625627257423663,1.6918670636019133,2.4478834077680522,62.08542419141221,56.39556878673044,81.59611359226841
3,500,8,10,0.3442617058753967,0.0072402958047981,0.0921171188354492,0.0048655879510377,0.2147762537002563,0.0058074501547856,2.4087034387550856,2.2958059069196346,2.705040057750743,80.29011462516952,76.52686356398782,90.16800192502478
3,500,10,10,1.197494545415975,0.0072682305805466,0.3174333333969116,0.0057031669994654,0.8425401210784912,0.0053316637515538,2.7201720553413318,2.669890437362022,2.8174297839076905,90.67240184471106,88.99634791206739,93.91432613025636
3,500,12,10,4.740423150290735,0.0041567123026416,1.259294033050537,0.0024644731187957,3.443636751174927,0.0030649465064162,2.7959034064590784,2.779202769780808,2.8214534538248666,93.19678021530261,92.64009232602693,94.04844846082888
3,1000,4,10,0.1414525869069621,0.0455376448478158,0.029305624961853,0.0098746856240436,0.0509793996810913,0.0182577686267761,1.166597115387216,1.140701792352057,1.5893970296006354,38.886570512907205,38.0233930784019,52.979900986687845
3,1000,6,10,0.220461387746036,0.0067386681551,0.0535454750061035,0.005313286098266,0.1165674448013305,0.0029655957516964,2.032409361438612,2.052369248305771,2.4689381253716114,67.7469787146204,68.41230827685904,82.29793751238704
3,1000,8,10,0.6282770240912214,0.0083061836466046,0.1638570785522461,0.0054952764642498,0.4147506237030029,0.0041251502216601,2.579506318002043,2.5411683155178255,2.7795976891569056,85.98354393340144,84.70561051726085,92.65325630523019
3,1000,10,10,2.347369772661477,0.0066569581369384,0.6138380527496338,0.0037681839190167,1.6841125011444091,0.0047183417318235,2.776206378810965,2.758545191502571,2.833439363998351,92.54021262703218,91.95150638341903,94.44797879994503
3,1000,12,10,9.500638430099936,0.0128998000315342,2.511067938804626,0.0051705062887082,6.940736842155457,0.0101331345376322,2.8040158936399338,2.789117683616244,2.8217049053190046,93.46719645466446,92.97058945387481,94.05683017730016
3,1500,4,10,0.1719816701952368,0.0106408003155935,0.0367147207260131,0.0071329958976777,0.0618692874908447,0.0049186962688801,1.4156861535083174,1.2597668590783875,2.062485500885168,47.18953845027725,41.99222863594625,68.74951669617228
3,1500,6,10,0.3253329932224005,0.0098937609144919,0.0745106697082519,0.0062581487683754,0.1790045022964477,0.0051865190729717,2.090936400794543,2.17378001564058,2.4987327505499812,69.69788002648477,72.45933385468601,83.29109168499937
3,1500,8,10,0.9579609515843912,0.0153947979111154,0.2451977729797363,0.0101978300585024,0.6411608934402466,0.0096881641936146,2.5981868348066506,2.5396652580525347,2.798278700280679,86.60622782688834,84.65550860175117,93.27595667602263
3,1500,10,10,3.624753091810271,0.0116717968250353,0.9161264181137084,0.0101008531364634,2.636238241195678,0.0054430776118289,2.7863513023461888,2.773585419769725,2.840324588593737,92.87837674487295,92.4528473256575,94.6774862864579
3,1500,12,10,14.52140525658615,0.0435252429258956,3.71185405254364,0.0115393753689337,10.740379667282104,0.0347938462237733,2.827683737321892,2.827116250578093,2.8388781822111246,94.25612457739639,94.2372083526031,94.62927274037082
3,3000,4,10,0.2729818845633417,0.0087605007652964,0.0480273008346557,0.0071595038835069,0.1052197694778442,0.0086291315989799,1.664318841255729,1.7782413817239902,2.343045025680697,55.477294708524305,59.274712724133,78.10150085602324
3,3000,6,10,0.5894259203458205,0.01312272365023,0.1269747734069824,0.0063587877858798,0.340200400352478,0.0074512400521831,2.2555908173355967,2.4614913172107817,2.6303122445737235,75.18636057785322,82.04971057369272,87.67707481912412
3,3000,8,10,1.8694723434047773,0.0162601942284867,0.4614211082458496,0.0088308571686155,1.2875414609909055,0.0098586353131249,2.6716182850369377,2.6747805709011194,2.8271413007065505,89.0539428345646,89.15935236337064,94.23804335688502
3,3000,10,10,7.106408148887567,0.0955978968035783,1.8070472717285155,0.0086683305509302,5.180640625953674,0.0960515485522649,2.787014779384852,2.8005372682162335,2.822128115390558,92.90049264616172,93.35124227387445,94.07093717968527
3,3000,12,10,28.924823275394736,0.1141583206684933,7.406682634353638,0.0129770431599307,21.40017800331116,0.1189577553426471,2.823176599118715,2.828624969261291,2.8310981966857187,94.10588663729051,94.28749897537637,94.36993988952396
4,500,4,10,0.0847052888246253,0.0036322357275603,0.019942831993103,0.0029142628119197,0.0265501499176025,0.0032819716565409,1.3260996275153127,1.0900816892080119,2.041509742329791,33.15249068788282,27.252042230200296,51.03774355824478
4,500,6,10,0.1228778560180217,0.0052927658365462,0.0328749179840087,0.0035558801406185,0.0529380321502685,0.0022036047165251,2.0794780227125744,1.950318158149335,2.9301304910596486,51.98695056781436,48.75795395373338,73.25326227649121
4,500,8,10,0.2840228291228414,0.007276650576433,0.0732013225555419,0.0048573703573307,0.1736423969268798,0.0052345642801068,2.9195693787527057,2.8890601722445424,3.3458324694600794,72.98923446881764,72.22650430611355,83.64581173650198
4,500,10,10,0.9325594995869324,0.0066594379599345,0.2471869707107544,0.0061395930034162,0.6487272024154663,0.0057169070836196,3.4929580367869657,3.428628211670915,3.659161543442531,87.32395091967415,85.71570529177286,91.47903858606328
4,500,12,10,3.648784134280868,0.013627251726037,0.9737135648727416,0.008145862467666,2.6386186599731447,0.0101470200119772,3.6323785530183206,3.5943151978989882,3.6822527456163856,90.80946382545801,89.8578799474747,92.05631864040964
4,1000,4,10,0.1105052642058581,0.0044939393758926,0.024382209777832,0.0037025524636778,0.0371555805206298,0.0044315163874084,1.4933060523009325,1.3710397549928437,2.18073584879025,37.332651307523314,34.27599387482109,54.51839621975625
4,1000,6,10,0.1916452036704868,0.0097683768691949,0.0489563941955566,0.0064128054990605,0.0952507495880126,0.0056141064545784,2.338006794374021,2.24475450233274,3.0214755253052132,58.450169859350524,56.118862558318504,75.53688813263034
4,1000,8,10,0.5027705288026482,0.010349609692638,0.1320575714111328,0.0067475811291992,0.3220324516296386,0.0065093543717762,3.2234279064813225,3.1530824915289983,3.57988727343263,80.58569766203306,78.82706228822497,89.49718183581575
4,1000,10,10,1.8005706360796467,0.0090294107540234,0.4726097822189331,0.0062601525358027,1.2765721559524537,0.0060956362225088,3.619287577897929,3.5828712660657422,3.7380030826256054,90.48218944744822,89.57178165164356,93.45007706564013
4,1000,12,10,7.149836339661851,0.0107436482120553,1.8906394481658932,0.0063844117077875,5.211238145828247,0.006274865730263,3.7259511815604016,3.7043890095893324,3.758168528474666,93.14877953901004,92.60972523973331,93.95421321186666
4,1500,4,10,0.1537540950812399,0.0065244407127268,0.0328169822692871,0.0047553310274008,0.0495990991592407,0.0031086756572309,1.5835159969169348,1.4093918822705465,2.5727182663193506,39.58789992292337,35.23479705676366,64.31795665798377
4,1500,6,10,0.2797145368997007,0.0095236312451472,0.0672049045562744,0.0056964743293275,0.1388128519058227,0.00876022646102,2.431945816788507,2.4100890527739325,3.2222118214781177,60.79864541971267,60.25222631934831,80.55529553695294
4,1500,8,10,0.7585108624305577,0.01243639552891,0.1967594146728515,0.0119618625284243,0.4918655157089233,0.0076969019547882,3.281378891120736,3.1648816724926485,3.647637035462585,82.0344722780184,79.12204181231621,91.19092588656463
4,1500,10,10,2.789670576597564,0.1030341740924593,0.7361162900924683,0.1017783626019325,1.9825164079666135,0.0060595875674005,3.620440199203463,3.451838941951494,3.7769030650995195,90.51100498008657,86.29597354878736,94.42257662748798
4,1500,12,10,10.97654120917432,0.0671658645754963,2.83362500667572,0.0675515150666579,8.071459317207337,0.0091918925669692,3.7408816406382406,3.703328029290359,3.777585726178283,93.52204101595602,92.58320073225897,94.43964315445707
4,3000,4,10,0.2550822815392166,0.0145034616593026,0.0435892343521118,0.0051275459631917,0.0874155521392822,0.0109910890120979,1.781107221790382,1.9592941942223918,2.820260828250794,44.52768054475955,48.9823548555598,70.50652070626985
4,3000,6,10,0.497921054274775,0.0133995504875225,0.1051649570465087,0.0098341108813454,0.2680258989334106,0.0089485427148197,2.6701094119589817,2.9719719479167486,3.3386075085166365,66.75273529897454,74.29929869791872,83.4651877129159
4,3000,8,10,1.4543442592024802,0.0111171022693946,0.3659960508346557,0.0098644087677922,0.964143133163452,0.005574618948785,3.43420511643502,3.3721681218282584,3.7754369818473186,85.8551279108755,84.30420304570646,94.38592454618296
4,3000,10,10,5.379032083041966,0.0157910470688339,1.3840579032897948,0.0103538115404945,3.8755700826644897,0.0095073395238588,3.6820127178141013,3.6564245020929316,3.772459600623897,92.05031794535253,91.41061255232329,94.31149001559743
4,3000,12,10,21.78676626076922,0.0341213255326574,5.589931535720825,0.0109029605774196,16.07602276802063,0.0374657395370497,3.7481415657256716,3.747939899629752,3.7687185585758725,93.7035391431418,93.6984974907438,94.21796396439682
6,500,4,10,0.0780199702829122,0.0037973992872395,0.0185198783874511,0.0014772408888983,0.0224759340286254,0.0030114209871453,1.4397294891499646,1.1738368650068276,2.4115745155716204,23.995491485832744,19.563947750113794,40.19290859286034
6,500,6,10,0.1132997096981853,0.0028201176794775,0.0334744215011596,0.0037730678188872,0.0430177927017211,0.0032156691339965,2.2552732195712664,1.9153893216544822,3.6058414994870644,37.58788699285444,31.923155360908034,60.09735832478441
6,500,8,10,0.2327116914559155,0.0102104225815643,0.0608981847763061,0.0031779318366422,0.1323132514953613,0.0087447691445792,3.563311965917478,3.4727311877631655,4.3909310907773875,59.3885327652913,57.87885312938609,73.18218484628979
6,500,10,10,0.6632108051329851,0.0135203542354666,0.1805760622024536,0.0055938116500149,0.4450440883636474,0.0087417029041452,4.911547239057789,4.693380789233143,5.333848248589908,81.85912065096316,78.22301315388572,88.8974708098318
6,500,12,10,2.4459672537166623,0.0152774128319789,0.664862847328186,0.0075341920566381,1.7431496381759644,0.0094787203261908,5.41861924513346,5.2639931358578815,5.57385355366717,90.31032075222433,87.7332189309647,92.89755922778616
6,1000,4,10,0.1106194396968931,0.0074168725558039,0.0254489183425903,0.0033921118717469,0.0350745439529418,0.0050631029902075,1.4917647413681148,1.3135716995891917,2.3101228780810468,24.86274568946858,21.89286165981986,38.50204796801744
6,1000,6,10,0.1697560316883027,0.0135671829326178,0.0455379009246826,0.0089204048315402,0.0731631755828857,0.0048950759014886,2.639480811577348,2.4132664013260743,3.9336429338159737,43.99134685962247,40.221106688767904,65.56071556359956
6,1000,8,10,0.3889547865372151,0.0053458994701487,0.1067520141601562,0.0036223372171979,0.2310380458831787,0.0071290687452789,4.166665661906605,3.900520468546764,4.989826982020833,69.44442769844342,65.00867447577939,83.16378303368056
6,1000,10,10,1.261702578002587,0.013899103343755,0.3450566291809082,0.0093223877007356,0.8653655767440795,0.0074915912444442,5.165070635432652,4.907310468989805,5.514236736915516,86.0845105905442,81.78850781649675,91.90394561525859
6,1000,12,10,4.932308218581602,0.070308466204529,1.3042900085449218,0.0232673637341013,3.5785137176513677,0.0729678224744668,5.401110388309735,5.369713750008043,5.47286184692681,90.01850647182891,89.49522916680071,91.21436411544684
6,1500,4,10,0.1405935341259464,0.0034058326736755,0.0282501697540283,0.0023001963557882,0.0411225795745849,0.0038493473615398,1.7317444266997641,1.6372286897268804,3.1030278187807814,28.862407111662737,27.28714482878134,51.71713031301303
6,1500,6,10,0.2385022646514699,0.0068234323881514,0.0557779073715209,0.0049174566312565,0.1078282356262207,0.0047000086699368,2.852176682272728,2.903834374512453,4.1481195513067135,47.5362780378788,48.39723957520754,69.1353258551119
6,1500,8,10,0.5713966428767889,0.015130404275734,0.1531669378280639,0.0090605216338214,0.3473080396652221,0.0079588230649029,4.355926069383846,4.065631096493667,5.165866224393165,72.59876782306411,67.76051827489445,86.09777040655274
6,1500,10,10,1.9580475182039665,0.0376433934464822,0.5218711137771607,0.03364714788214,1.3639689683914185,0.026322555447633,5.158115624953306,4.868931827928369,5.489694026316312,85.96859374922178,81.14886379880616,91.4949004386052
6,1500,12,10,7.601691242237575,0.091735931406825,1.945322370529175,0.0585674157106892,5.5841718196868895,0.0667033152957026,5.4016849906972295,5.394397900675812,5.460188276911004,90.02808317828716,89.90663167793019,91.00313794851674
6,3000,4,10,0.2376137102488428,0.011335469154348,0.0446585655212402,0.0081261417938744,0.0705365896224975,0.0049993510901493,1.9120483128876133,1.912379692448307,3.495131516816356,31.867471881460226,31.87299487413845,58.25219194693927
6,3000,6,10,0.429831504705362,0.0107897782196128,0.0946199178695678,0.0087284266121761,0.205839204788208,0.0071274151834517,3.093081076834875,3.3031872071262587,4.3472441490274765,51.55135128058125,55.053120118770984,72.45406915045794
6,3000,8,10,1.0972250048769638,0.0204717974260195,0.2878143548965454,0.0103073407305786,0.6825525522232055,0.0134691112034062,4.551952857263867,4.288181580739059,5.333013009596194,75.86588095439778,71.46969301231766,88.88355015993658
6,3000,10,10,3.754517445643432,0.0740164420946168,0.9615481853485108,0.0413067320333012,2.667838430404663,0.0681677416287348,5.275155815901767,5.263078134841402,5.480253751356579,87.91926359836279,87.71796891402337,91.33756252260964
6,3000,12,10,14.993992418958806,0.103069146054523,3.8424048900604246,0.0648035234009925,11.032056164741515,0.0655080343464388,5.446173502227854,5.452503845475074,5.491814440499375,90.76955837046424,90.87506409125123,91.5302406749896
8,500,4,10,0.0841621291823685,0.0039437058768342,0.0205226421356201,0.0005683830300019,0.0245450973510742,0.0016276410651712,1.334657916216842,1.0592844645915003,2.2082776426523267,16.683223952710524,13.241055807393753,27.603470533154084
8,500,6,10,0.1129401862854138,0.0068748557634658,0.0331027269363403,0.0034489286886075,0.0422873497009277,0.0054429749587287,2.2624524491378213,1.936896305104547,3.668126360181773,28.280655614222766,24.211203813806836,45.85157950227216
8,500,8,10,0.2153107185615226,0.0069548255308924,0.0595147609710693,0.0051346973501822,0.1159242630004882,0.0079122274632978,3.8512915674322015,3.553455010155315,5.011706390666316,48.14114459290252,44.41818762694144,62.64632988332895
8,500,10,10,0.568247929145582,0.0097512662722571,0.16365807056427,0.0069762959276239,0.3658271312713623,0.0072862641119723,5.7323415217051865,5.178554399512727,6.4888506847867,71.65426902131483,64.73192999390909,81.11063355983374
8,500,12,10,2.068669154681265,0.1047218490532225,0.5996549844741821,0.053505807308697,1.430264663696289,0.0761081528584567,6.406904266911375,5.836411862216717,6.7931908351920995,80.08630333639218,72.95514827770896,84.91488543990124
8,1000,4,10,0.1093923195730894,0.0041922081707743,0.0261463165283203,0.0020333208647801,0.0314167022705078,0.0032186936071871,1.5084987729825605,1.2785349279993,2.579090119844091,18.856234662282006,15.98168659999125,32.23862649805114
8,1000,6,10,0.1631107551045715,0.0073670750363473,0.0450170278549194,0.0051464921034893,0.0677565813064575,0.0049116775900838,2.747015596877911,2.44118929047518,4.247525525903819,34.337694960973884,30.51486613093975,53.09406907379773
8,1000,8,10,0.3558056791312992,0.0127923530851411,0.1065210342407226,0.0116595869161887,0.1983335971832275,0.0053200876895281,4.554858587574086,3.90897834646727,5.812630293576628,56.93573234467607,48.862229330840876,72.65787866970786
8,1000,10,10,1.061001795064658,0.0147594869661808,0.2950369119644165,0.0085908878204829,0.7148880004882813,0.0168352562834455,6.142103591722671,5.73928190035431,6.674934606378959,76.77629489653339,71.74102375442888,83.43668257973698
8,1000,12,10,4.000953506003134,0.0479962088791479,1.0970762491226196,0.0331027455964406,2.854183530807495,0.0769098137642105,6.658398083795605,6.383935481679524,6.861756079328773,83.22997604744506,79.79919352099405,85.77195099160966
8,1500,4,10,0.1457459869561717,0.0070498292470723,0.031386375427246,0.0036368069226116,0.0419931411743164,0.005736001988881,1.6705233141400113,1.4736326760049874,3.038698816796492,20.881541426750143,18.420408450062343,37.98373520995615
8,1500,6,10,0.2312798751052469,0.009633493101296,0.0630098581314086,0.0073750158605606,0.0936976194381713,0.0048543890145327,2.9412442288746687,2.5705470471938208,4.773700922884012,36.76555286093336,32.13183808992276,59.671261536050146
8,1500,8,10,0.5149542563827708,0.0193710515781568,0.1405560970306396,0.0073468388981294,0.2981416940689086,0.0142649348550018,4.8333643266662225,4.430403792819766,6.017765737763925,60.417054083327784,55.38004741024708,75.22207172204907
8,1500,10,10,1.6047056349460036,0.0283089258269854,0.4464767932891845,0.0203188017961152,1.0836279153823851,0.0227140426702435,6.293886727947316,5.6911241841415485,6.9099108573785175,78.67358409934145,71.13905230176935,86.37388571723147
8,1500,12,10,6.031268079788424,0.0398985942442637,1.6290646076202393,0.0469575060536172,4.330982995033264,0.0203654535362228,6.808177143495458,6.441637036759291,7.040117576327948,85.10221429369322,80.52046295949114,88.00146970409935
8,3000,4,10,0.2384421536233276,0.0153535433225996,0.0472988843917846,0.0063950608146709,0.0681082725524902,0.006486924305652,1.905405092582663,1.805626811179628,3.6197461518104324,23.817563657283287,22.57033513974535,45.246826897630406
8,3000,6,10,0.3985211616149172,0.0128518887677459,0.0989447832107544,0.0120536869910171,0.1756190299987793,0.0076086254020489,3.336093089872823,3.1588052659669947,5.0953093105127945,41.70116362341029,39.48506582458744,63.69136638140993
8,3000,8,10,0.9561658143764362,0.0448620270182908,0.2425508737564086,0.0107671843633515,0.5840023756027222,0.0364417053297246,5.223483647831764,5.088417931568268,6.232956907037749,65.29354559789705,63.60522414460335,77.91196133797186
8,3000,10,10,3.046961040981114,0.0768140814247486,0.8215667963027954,0.0601113643422016,2.100707602500916,0.078922487789947,6.500137111340688,6.159819569970803,6.959765151910059,81.2517138917586,76.99774462463503,86.99706439887574
8,3000,12,10,11.931904188450426,0.0904934293120123,3.1073631286621093,0.0761714042095509,8.699931883811951,0.0784126097559467,6.843826678040379,6.742284879960951,6.963963185350978,85.54783347550475,84.27856099951188,87.04953981688722
16,500,4,10,0.1154220666969195,0.0107647757110827,0.0312588214874267,0.0013342839348645,0.0418311119079589,0.0089101470405492,0.9731904407314734,0.6954617913339295,1.2957434609044973,6.082440254571709,4.34663619583706,8.098396630653108
16,500,6,10,0.1352183567127212,0.0123778834679935,0.036240267753601,0.0008323961978129,0.0564807891845703,0.0106433169857034,1.8896975771594848,1.7692073890792757,2.746338080250707,11.81060985724678,11.057546181745472,17.16461300156692
16,500,8,10,0.2102477519074455,0.0134371361445758,0.0602262258529663,0.0044457840619607,0.1081915140151977,0.0114532737839033,3.9440343463876752,3.5114773100201844,5.369907011664697,24.65021466492297,21.94673318762615,33.56191882290436
16,500,10,10,0.5051144771976397,0.0390819319021601,0.1414221286773681,0.0080674867819892,0.3235777139663696,0.0336436686387256,6.448817735211466,5.992783656013466,7.3360974158759555,40.30511084507166,37.454897850084166,45.85060884922472
16,500,12,10,1.632406040513888,0.0180636734074786,0.4657036542892456,0.0076690248288871,1.1243647813796998,0.0184506240984894,8.11915963615462,7.515151389490221,8.641377750553724,50.74474772596638,46.96969618431388,54.00861094096078
16,1000,4,10,0.1416675258660689,0.0043943845358325,0.0393734693527221,0.0025237346755667,0.0505960702896118,0.0057536464539125,1.1648271461007096,0.849022945387762,1.6014387275564,7.280169663129435,5.306393408673513,10.0089920472275
16,1000,6,10,0.1814023780403658,0.0134131628790232,0.0500355243682861,0.0016609167629646,0.0794207572937011,0.0131354529319926,2.4700215792710654,2.19634125305793,3.623710204410014,15.437634870444159,13.727132831612062,22.648188777562588
16,1000,8,10,0.3177184302126988,0.0178140858182468,0.0949902296066284,0.006925966384024,0.1729538440704345,0.0120538644051799,5.10088304293168,4.383486786110766,6.66559266963598,31.880519018323,27.39679241319229,41.659954185224876
16,1000,10,10,0.8662512534763664,0.0427232390156617,0.2387780666351318,0.005696914494813,0.5781763792037964,0.0407786953340311,7.522970858787487,7.09152240252148,8.253243864295442,47.018567867421794,44.32201501575925,51.58277415184651
16,1000,12,10,3.154521061433479,0.0905930965040159,0.8783592939376831,0.0748157287760408,2.2246098279953004,0.0600376136325642,8.445003421730473,7.973575325291274,8.803661184796207,52.78127138581545,49.83484578307046,55.02288240497629
16,1500,4,10,0.1725149843143299,0.0063280952883995,0.0433651208877563,0.0021630635252059,0.0547190189361572,0.0059898682777727,1.4113096906933833,1.0665711858769078,2.331995545257206,8.820685566833646,6.666069911730673,14.574972157857538
16,1500,6,10,0.244634063867852,0.0161201139820279,0.0568513870239257,0.0027121048041366,0.1092763900756836,0.0154438234438374,2.780686332691688,2.849003573046151,4.093147770293739,17.37928957932305,17.806272331538445,25.582173564335868
16,1500,8,10,0.4390776665415615,0.0156130135371424,0.119829773902893,0.0083723488641136,0.2431131362915039,0.0130629410264114,5.668613373734008,5.1967073383041305,7.379884521811718,35.42883358583755,32.479420864400815,46.12427826132324
16,1500,10,10,1.290035114996135,0.0150874571489184,0.3495776653289795,0.0074821273464283,0.8637994050979614,0.0110045879262223,7.829116727632009,7.268641929840714,8.668415668809152,48.93197954770005,45.429012061504466,54.177597930057196
16,1500,12,10,4.923456105287187,0.0871568695293616,1.4059807300567626,0.0937470134306825,3.4385085582733157,0.0703837501883777,8.340064501238023,7.463717451729666,8.8673996267214,52.125403132737645,46.64823407331041,55.42124766700876
16,3000,4,10,0.2600342095131054,0.0088684467571063,0.0547091484069824,0.0050201561650485,0.0750557422637939,0.0071908539986025,1.7471889358364152,1.5610576344813287,3.2846874874923224,10.919930848977595,9.756610215508305,20.529296796827015
16,3000,6,10,0.3950005541322753,0.0113059003009834,0.0969852685928344,0.0051844832360524,0.1687073945999145,0.0118565782188033,3.365827413463324,3.2226265574232342,5.304054874287409,21.036421334145775,20.141415983895214,33.15034296429631
16,3000,8,10,0.8063535537570715,0.0084656320165986,0.2161000967025756,0.0089456872155353,0.4595452308654785,0.0048281126523463,6.193953598567191,5.711243234834475,7.921008414958368,38.71220999104494,35.69527021771547,49.5063025934898
16,3000,10,10,2.481455594394356,0.0670014223335598,0.6855860233306885,0.0580122251925173,1.6687145233154297,0.0253064233348537,7.981470465976453,7.381572928395557,8.761493570026758,49.88419041235283,46.13483080247223,54.759334812667234
16,3000,12,10,9.638244172511625,0.1164164497421732,2.5618096351623536,0.0871008888064789,6.943072986602783,0.145695508077058,8.472485521546925,8.178096901255097,8.726108089434343,52.953034509668285,51.11310563284436,54.53817555896464
32,500,4,10,0.1497575722634792,0.0044806804168283,0.05418701171875,0.0030701345595879,0.0572843313217163,0.0032840332448625,0.7500632539721367,0.4011905306656905,0.946199221785348,2.3439476686629273,1.2537204083302829,2.9568725680792123
32,500,6,10,0.163598730484955,0.0056060309428049,0.0614094257354736,0.0025478630069694,0.064383316040039,0.0044700710436954,1.561881319678179,1.0440831960889825,2.4092474833656263,4.880879123994309,3.2627599877780704,7.528898385517582
32,500,8,10,0.217766128689982,0.0046824431369067,0.0777215003967285,0.0050356823546944,0.1028175830841064,0.001213009685649,3.8078665390349435,2.7210363216269573,5.650574077758471,11.899582934484199,8.50323850508424,17.658043992995225
32,500,10,10,0.4479341770522296,0.0071852277000747,0.1346923351287841,0.0040985927953924,0.2761900663375854,0.0054153109915115,7.272030949503528,6.292208242778094,8.59479728123985,22.725096717198525,19.663150758681542,26.858741503874533
32,500,12,10,1.369070759275928,0.0070485140183195,0.4003643274307251,0.007163178552965,0.9301117658615112,0.0038910203473464,9.680847497586592,8.741621630184005,10.446121812383794,30.2526484299581,27.317567594325016,32.64413066369936
32,1000,4,10,0.185267744353041,0.0066885082324683,0.0664551973342895,0.0052076207615129,0.0697198152542114,0.0051817176751597,0.8907010792729656,0.5030303160763355,1.1621732807023712,2.7834408727280175,1.5719697377385484,3.6317915021949103
32,1000,6,10,0.2119208643445745,0.0065989093988295,0.0775078535079956,0.0035213433031722,0.0849505186080932,0.0060208634853793,2.114316538282194,1.41785743398397,3.3878287426927765,6.607239182131856,4.430804481199906,10.586964820914927
32,1000,8,10,0.3171792636392638,0.0064252348728085,0.1046305894851684,0.0059183652257529,0.1636208295822143,0.0029561242711565,5.109553930177569,3.9796049925658417,7.045801431057937,15.967356031804902,12.436265601768255,22.018129472056053
32,1000,10,10,0.7979733287123963,0.0393019109613656,0.2294293642044067,0.0097924344286615,0.5177867174148559,0.0369735342782291,8.166667608811274,7.3804851207502065,9.215822835256409,25.52083627753523,23.064016002344395,28.79944636017628
32,1000,12,10,2.6274237496079875,0.0765951259492613,0.7747615814208985,0.0758395598781081,1.8032938718795777,0.0105215793644536,10.139187164499544,9.039766762875857,10.860521127166699,31.684959889061076,28.24927113398705,33.93912852239593
32,1500,4,10,0.213797413976863,0.0102708766332382,0.0653982877731323,0.0059693921520873,0.076184344291687,0.0064386341959073,1.1387980080010658,0.707235464197451,1.6749439742029402,3.5587437750033306,2.2101108256170345,5.234199919384188
32,1500,6,10,0.2639337572269141,0.0088794826879819,0.0903495788574218,0.0082657289718178,0.1008675336837768,0.0057521508126887,2.5773535187593444,1.7927012700235607,4.434374431978136,8.054229746122951,5.602191468823627,13.857420099931675
32,1500,8,10,0.426583991991356,0.0119640440445714,0.1245504856109619,0.003540624817865,0.2298019170761108,0.0089013431773292,5.834634162071068,4.99974177004479,7.80736250765283,18.233231756472087,15.624193031389968,24.398007836415093
32,1500,10,10,1.1191411789506671,0.0096960515407592,0.3146506547927856,0.0083437073224202,0.7324749946594238,0.0046971148578553,9.024630393386797,8.075479384015267,10.222563708595615,28.20196997933374,25.23587307504771,31.945511589361296
32,1500,12,10,3.974761303514242,0.1332552028118106,1.1627352714538577,0.1280987374751872,2.737829327583313,0.0144969321827209,10.330668523617963,9.025135101130125,11.136789718380758,32.28333913630613,28.203547191031642,34.80246786993987
32,3000,4,10,0.3140611292328685,0.0064040044771313,0.0845108032226562,0.0059173982331649,0.1095299243927001,0.004909968960516,1.4466256773323658,1.0105706080166117,2.250842944019812,4.520705241663643,3.1580331500519114,7.033884200061912
32,3000,6,10,0.429408253217116,0.0125733854143397,0.143146276473999,0.0070356808349968,0.1653527498245239,0.0105770922569132,3.0961298099675707,2.1834120309993854,5.411662519103089,9.675405656148659,6.82316259687308,16.911445372197154
32,3000,8,10,0.7343629644950852,0.0068438956716396,0.2067120790481567,0.0039258420444164,0.4085159063339233,0.0055240402153969,6.801155201835457,5.970624556739788,8.91045265141777,21.253610005735805,18.65820173981184,27.84516453568053
32,3000,10,10,2.085807611513883,0.0609197939952976,0.5661002397537231,0.0058428198677199,1.3960912466049191,0.0578632259577987,9.495441684056185,8.939588564925867,10.472404007827613,29.67325526267558,27.936214265393332,32.72626252446129
32,3000,12,10,7.748539318307303,0.1114339525669776,2.11491334438324,0.1001056377733787,5.508938097953797,0.1162321418553158,10.538745542892551,9.906187170536972,10.997764773655975,32.93357982153922,30.956834907928037,34.36801491767492
